id,first_name,last_name,email,gender
1,Zacharias,Thunnercliff,zthunnercliff0@w3.org,M
2,Meredeth,Andrew,mashforth1@virginia.edu,M
3,Lester,Mynard,lmynard2@soundcloud.com,M
4,Peyton,Artrick,partrick3@soup.io,M
5,Willi,Warnes,wwarnes4@businessinsider.com,M
6,Merwyn,Wheaton,mwheaton5@nps.gov,M
7,Kellie,Adamsen,kadamsen6@reference.com,F
8,Ahmad,Hunston,ahunston7@hubpages.com,M
9,Bianka,Kordova,bkordova8@telegraph.co.uk,F
10,Cullin,Crossland,ccrossland9@nydailynews.com,M
11,Odella,Klemenz,oklemenza@altervista.org,F
12,Petronia,Poznanski,ppoznanskib@google.es,F
13,Lyell,Schoroder,lschoroderc@buzzfeed.com,M
14,Saidee,McAloren,smcalorend@wordpress.org,F
15,Thibaud,Harrild,tharrilde@statcounter.com,M
16,Joann,Ciciotti,jciciottif@gnu.org,F
17,Tania,Rowsel,trowselg@spiegel.de,F
18,Elsa,Renbold,erenboldh@disqus.com,F
19,Paulita,Illsley,pillsleyi@xing.com,F
20,Mei,Greason,mgreasonj@shinystat.com,F
21,Roberto,Tume,rtumek@indiatimes.com,M
22,Ealasaid,De Cruze,edecruzel@instagram.com,F
23,Sissy,Gilbank,sgilbankm@stanford.edu,F
24,Daffy,Figgures,dfigguresn@disqus.com,F
25,Maddie,Camber,mcambero@hud.gov,F
